persona,weapon,rarity,cycleSeconds,cycleDamageBeforeMitigation,uninterruptedSingleTargetDPS,skillCooldownSeconds,skillKind,range
BeachBurnout,BareHands,Legendary,0.6,60.84,101.4,4.0,wave,8
BeachBurnout,BareHands,Unique,0.6,52.728,87.88,4.3,wave,8
BeachBurnout,BareHands,Rare,0.6,46.644,77.74,4.6,wave,8
BeachBurnout,BareHands,Common,0.6,40.56,67.6,5,wave,8
BeachBurnout,FlipFlopSlap,Legendary,0.5217,67.431,129.243,4.0,wave,9
BeachBurnout,FlipFlopSlap,Unique,0.5217,58.44,112.01,4.3,wave,9
BeachBurnout,FlipFlopSlap,Rare,0.5217,51.697,99.086,4.6,wave,9
BeachBurnout,FlipFlopSlap,Common,0.5217,44.954,86.162,5,wave,9
BeachBurnout,LawnDart,Legendary,0.7059,91.564,129.716,4.0,wave,22
BeachBurnout,LawnDart,Unique,0.7059,79.356,112.42,4.3,wave,22
BeachBurnout,LawnDart,Rare,0.7059,70.199,99.449,4.6,wave,22
BeachBurnout,LawnDart,Common,0.7059,61.043,86.477,5,wave,22
BeachBurnout,GolfClub,Legendary,0.6667,80.613,120.919,4.0,wave,12
BeachBurnout,GolfClub,Unique,0.6667,69.865,104.797,4.3,wave,12
BeachBurnout,GolfClub,Rare,0.6667,61.803,92.705,4.6,wave,12
BeachBurnout,GolfClub,Common,0.6667,53.742,80.613,5,wave,12
BeachBurnout,GatorWrestleGloves,Legendary,0.75,93.795,125.06,4.0,wave,10
BeachBurnout,GatorWrestleGloves,Unique,0.75,81.289,108.385,4.3,wave,10
BeachBurnout,GatorWrestleGloves,Rare,0.75,71.909,95.879,4.6,wave,10
BeachBurnout,GatorWrestleGloves,Common,0.75,62.53,83.373,5,wave,10
BeachBurnout,RomanCandle,Legendary,0.6,74.022,123.37,4.0,wave,26
BeachBurnout,RomanCandle,Unique,0.6,64.152,106.921,4.3,wave,26
BeachBurnout,RomanCandle,Rare,0.6,56.75,94.584,4.6,wave,26
BeachBurnout,RomanCandle,Common,0.6,49.348,82.247,5,wave,26
BeachBurnout,SnakeLasso,Legendary,0.6316,81.183,128.54,4.0,wave,20
BeachBurnout,SnakeLasso,Unique,0.6316,70.359,111.402,4.3,wave,20
BeachBurnout,SnakeLasso,Rare,0.6316,62.241,98.548,4.6,wave,20
BeachBurnout,SnakeLasso,Common,0.6316,54.122,85.694,5,wave,20
BeachBurnout,SpillSkimmer,Legendary,0.5714,70.726,123.771,4.0,wave,11
BeachBurnout,SpillSkimmer,Unique,0.5714,61.296,107.269,4.3,wave,11
BeachBurnout,SpillSkimmer,Rare,0.5714,54.224,94.891,4.6,wave,11
BeachBurnout,SpillSkimmer,Common,0.5714,47.151,82.514,5,wave,11
BeachBurnout,PoolNoodle,Legendary,0.4615,57.544,124.68,4.0,wave,14
BeachBurnout,PoolNoodle,Unique,0.4615,49.872,108.056,4.3,wave,14
BeachBurnout,PoolNoodle,Rare,0.4615,44.117,95.588,4.6,wave,14
BeachBurnout,PoolNoodle,Common,0.4615,38.363,83.12,5,wave,14
BeachBurnout,CoolerLid,Legendary,0.5455,64.136,117.582,4.0,wave,8
BeachBurnout,CoolerLid,Unique,0.5455,55.584,101.904,4.3,wave,8
BeachBurnout,CoolerLid,Rare,0.5455,49.171,90.146,4.6,wave,8
BeachBurnout,CoolerLid,Common,0.5455,42.757,78.388,5,wave,8
BeachBurnout,BeachUmbrella,Legendary,0.6818,74.022,108.566,4.0,wave,13
BeachBurnout,BeachUmbrella,Unique,0.6818,64.152,94.09,4.3,wave,13
BeachBurnout,BeachUmbrella,Rare,0.6818,56.75,83.234,4.6,wave,13
BeachBurnout,BeachUmbrella,Common,0.6818,49.348,72.377,5,wave,13
BeachBurnout,FireExtinguisher,Legendary,0.6,67.431,112.385,4.0,wave,18
BeachBurnout,FireExtinguisher,Unique,0.6,58.44,97.4,4.3,wave,18
BeachBurnout,FireExtinguisher,Rare,0.6,51.697,86.162,4.6,wave,18
BeachBurnout,FireExtinguisher,Common,0.6,44.954,74.923,5,wave,18
BeachBurnout,TrafficCone,Legendary,0.5714,74.263,129.96,4.0,wave,16
BeachBurnout,TrafficCone,Unique,0.5714,64.361,112.632,4.3,wave,16
BeachBurnout,TrafficCone,Rare,0.5714,56.935,99.636,4.6,wave,16
BeachBurnout,TrafficCone,Common,0.5714,49.509,86.64,5,wave,16
BeachBurnout,KayakPaddle,Legendary,0.6,77.317,128.863,4.0,wave,12
BeachBurnout,KayakPaddle,Unique,0.6,67.008,111.681,4.3,wave,12
BeachBurnout,KayakPaddle,Rare,0.6,59.277,98.795,4.6,wave,12
BeachBurnout,KayakPaddle,Common,0.6,51.545,85.908,5,wave,12
BeachBurnout,BugZapper,Legendary,0.6316,83.909,132.855,4.0,wave,9
BeachBurnout,BugZapper,Unique,0.6316,72.721,115.141,4.3,wave,9
BeachBurnout,BugZapper,Rare,0.6316,64.33,101.856,4.6,wave,9
BeachBurnout,BugZapper,Common,0.6316,55.939,88.57,5,wave,9
BeachBurnout,WaterBalloonSling,Legendary,0.5455,64.136,117.582,4.0,wave,24
BeachBurnout,WaterBalloonSling,Unique,0.5455,55.584,101.904,4.3,wave,24
BeachBurnout,WaterBalloonSling,Rare,0.5455,49.171,90.146,4.6,wave,24
BeachBurnout,WaterBalloonSling,Common,0.5455,42.757,78.388,5,wave,24
BeachBurnout,ShoppingCart,Legendary,0.8,90.5,113.124,4.0,wave,11
BeachBurnout,ShoppingCart,Unique,0.8,78.433,98.041,4.3,wave,11
BeachBurnout,ShoppingCart,Rare,0.8,69.383,86.729,4.6,wave,11
BeachBurnout,ShoppingCart,Common,0.8,60.333,75.416,5,wave,11
BeachBurnout,PelicanBeakReplica,Legendary,0.6,80.613,134.355,4.0,wave,10
BeachBurnout,PelicanBeakReplica,Unique,0.6,69.865,116.441,4.3,wave,10
BeachBurnout,PelicanBeakReplica,Rare,0.6,61.803,103.005,4.6,wave,10
BeachBurnout,PelicanBeakReplica,Common,0.6,53.742,89.57,5,wave,10
BeachBurnout,OilBarrelLid,Legendary,0.75,91.564,122.086,4.0,wave,19
BeachBurnout,OilBarrelLid,Unique,0.75,79.356,105.808,4.3,wave,19
BeachBurnout,OilBarrelLid,Rare,0.75,70.199,93.599,4.6,wave,19
BeachBurnout,OilBarrelLid,Common,0.75,61.043,81.39,5,wave,19
BeachBurnout,TikiTorch,Legendary,0.6522,74.022,113.5,4.0,wave,11
BeachBurnout,TikiTorch,Unique,0.6522,64.152,98.367,4.3,wave,11
BeachBurnout,TikiTorch,Rare,0.6522,56.75,87.017,4.6,wave,11
BeachBurnout,TikiTorch,Common,0.6522,49.348,75.667,5,wave,11
BeachBurnout,Skateboard,Legendary,0.5,70.726,141.453,4.0,wave,10
BeachBurnout,Skateboard,Unique,0.5,61.296,122.593,4.3,wave,10
BeachBurnout,Skateboard,Rare,0.5,54.224,108.447,4.6,wave,10
BeachBurnout,Skateboard,Common,0.5,47.151,94.302,5,wave,10
BeachBurnout,FishSmack,Legendary,0.6,77.317,128.863,4.0,wave,9
BeachBurnout,FishSmack,Unique,0.6,67.008,111.681,4.3,wave,9
BeachBurnout,FishSmack,Rare,0.6,59.277,98.795,4.6,wave,9
BeachBurnout,FishSmack,Common,0.6,51.545,85.908,5,wave,9
BeachBurnout,NewspaperRoll,Legendary,0.48,60.84,126.75,4.0,wave,8
BeachBurnout,NewspaperRoll,Unique,0.48,52.728,109.85,4.3,wave,8
BeachBurnout,NewspaperRoll,Rare,0.48,46.644,97.175,4.6,wave,8
BeachBurnout,NewspaperRoll,Common,0.48,40.56,84.5,5,wave,8
BeachBurnout,NetGun,Legendary,0.6667,54.249,81.373,4.0,wave,20
BeachBurnout,NetGun,Unique,0.6667,47.016,70.524,4.3,wave,20
BeachBurnout,NetGun,Rare,0.6667,41.591,62.386,4.6,wave,20
BeachBurnout,NetGun,Common,0.6667,36.166,54.249,5,wave,20
BeachBurnout,SludgeHose,Legendary,0.7059,80.613,114.202,4.0,wave,22
BeachBurnout,SludgeHose,Unique,0.7059,69.865,98.975,4.3,wave,22
BeachBurnout,SludgeHose,Rare,0.7059,61.803,87.555,4.6,wave,22
BeachBurnout,SludgeHose,Common,0.7059,53.742,76.135,5,wave,22
BeachBurnout,FinaleRocket,Legendary,0.9231,126.167,136.681,4.0,wave,30
BeachBurnout,FinaleRocket,Unique,0.9231,109.345,118.457,4.3,wave,30
BeachBurnout,FinaleRocket,Rare,0.9231,96.728,104.789,4.6,wave,30
BeachBurnout,FinaleRocket,Common,0.9231,84.111,91.121,5,wave,30
BeachBurnout,HOAClipboard,Legendary,0.5217,67.431,129.243,4.0,wave,8
BeachBurnout,HOAClipboard,Unique,0.5217,58.44,112.01,4.3,wave,8
BeachBurnout,HOAClipboard,Rare,0.5217,51.697,99.086,4.6,wave,8
BeachBurnout,HOAClipboard,Common,0.5217,44.954,86.162,5,wave,8
BeachBurnout,BoogieBoard,Legendary,0.5714,74.022,129.538,4.0,wave,11
BeachBurnout,BoogieBoard,Unique,0.5714,64.152,112.267,4.3,wave,11
BeachBurnout,BoogieBoard,Rare,0.5714,56.75,99.313,4.6,wave,11
BeachBurnout,BoogieBoard,Common,0.5714,49.348,86.359,5,wave,11
CrabKing,BareHands,Legendary,0.8421,80.85,96.009,4.8,dash,8
CrabKing,BareHands,Unique,0.8421,70.07,83.208,5.16,dash,8
CrabKing,BareHands,Rare,0.8421,61.985,73.607,5.52,dash,8
CrabKing,BareHands,Common,0.8421,53.9,64.006,6,dash,8
CrabKing,FlipFlopSlap,Legendary,0.7323,88.358,120.663,4.8,dash,9
CrabKing,FlipFlopSlap,Unique,0.7323,76.577,104.575,5.16,dash,9
CrabKing,FlipFlopSlap,Rare,0.7323,67.741,92.508,5.52,dash,9
CrabKing,FlipFlopSlap,Common,0.7323,58.905,80.442,6,dash,9
CrabKing,LawnDart,Legendary,0.9907,116.424,117.515,4.8,dash,22
CrabKing,LawnDart,Unique,0.9907,100.901,101.847,5.16,dash,22
CrabKing,LawnDart,Rare,0.9907,89.258,90.095,5.52,dash,22
CrabKing,LawnDart,Common,0.9907,77.616,78.344,6,dash,22
CrabKing,GolfClub,Legendary,0.9357,103.373,110.479,4.8,dash,12
CrabKing,GolfClub,Unique,0.9357,89.59,95.749,5.16,dash,12
CrabKing,GolfClub,Rare,0.9357,79.252,84.701,5.52,dash,12
CrabKing,GolfClub,Common,0.9357,68.915,73.653,6,dash,12
CrabKing,GatorWrestleGloves,Legendary,1.0526,118.387,112.468,4.8,dash,10
CrabKing,GatorWrestleGloves,Unique,1.0526,102.603,97.472,5.16,dash,10
CrabKing,GatorWrestleGloves,Rare,1.0526,90.764,86.226,5.52,dash,10
CrabKing,GatorWrestleGloves,Common,1.0526,78.925,74.979,6,dash,10
CrabKing,RomanCandle,Legendary,0.8421,95.865,113.84,4.8,dash,26
CrabKing,RomanCandle,Unique,0.8421,83.083,98.661,5.16,dash,26
CrabKing,RomanCandle,Rare,0.8421,73.496,87.277,5.52,dash,26
CrabKing,RomanCandle,Common,0.8421,63.91,75.893,6,dash,26
CrabKing,SnakeLasso,Legendary,0.8864,104.6,118.002,4.8,dash,20
CrabKing,SnakeLasso,Unique,0.8864,90.653,102.268,5.16,dash,20
CrabKing,SnakeLasso,Rare,0.8864,80.193,90.468,5.52,dash,20
CrabKing,SnakeLasso,Common,0.8864,69.733,78.668,6,dash,20
CrabKing,SpillSkimmer,Legendary,0.802,92.111,114.851,4.8,dash,11
CrabKing,SpillSkimmer,Unique,0.802,79.83,99.538,5.16,dash,11
CrabKing,SpillSkimmer,Rare,0.802,70.619,88.053,5.52,dash,11
CrabKing,SpillSkimmer,Common,0.802,61.407,76.567,6,dash,11
CrabKing,PoolNoodle,Legendary,0.6478,77.096,119.017,4.8,dash,14
CrabKing,PoolNoodle,Unique,0.6478,66.817,103.148,5.16,dash,14
CrabKing,PoolNoodle,Rare,0.6478,59.107,91.247,5.52,dash,14
CrabKing,PoolNoodle,Common,0.6478,51.397,79.345,6,dash,14
CrabKing,CoolerLid,Legendary,0.7656,84.604,110.514,4.8,dash,8
CrabKing,CoolerLid,Unique,0.7656,73.323,95.778,5.16,dash,8
CrabKing,CoolerLid,Rare,0.7656,64.863,84.727,5.52,dash,8
CrabKing,CoolerLid,Common,0.7656,56.403,73.676,6,dash,8
CrabKing,BeachUmbrella,Legendary,0.9569,95.865,100.179,4.8,dash,13
CrabKing,BeachUmbrella,Unique,0.9569,83.083,86.822,5.16,dash,13
CrabKing,BeachUmbrella,Rare,0.9569,73.496,76.804,5.52,dash,13
CrabKing,BeachUmbrella,Common,0.9569,63.91,66.786,6,dash,13
CrabKing,FireExtinguisher,Legendary,0.8421,88.358,104.925,4.8,dash,18
CrabKing,FireExtinguisher,Unique,0.8421,76.577,90.935,5.16,dash,18
CrabKing,FireExtinguisher,Rare,0.8421,67.741,80.442,5.52,dash,18
CrabKing,FireExtinguisher,Common,0.8421,58.905,69.95,6,dash,18
CrabKing,TrafficCone,Legendary,0.802,96.717,120.594,4.8,dash,16
CrabKing,TrafficCone,Unique,0.802,83.821,104.515,5.16,dash,16
CrabKing,TrafficCone,Rare,0.802,74.15,92.455,5.52,dash,16
CrabKing,TrafficCone,Common,0.802,64.478,80.396,6,dash,16
CrabKing,KayakPaddle,Legendary,0.8421,99.619,118.297,4.8,dash,12
CrabKing,KayakPaddle,Unique,0.8421,86.336,102.524,5.16,dash,12
CrabKing,KayakPaddle,Rare,0.8421,76.374,90.695,5.52,dash,12
CrabKing,KayakPaddle,Common,0.8421,66.412,78.865,6,dash,12
CrabKing,BugZapper,Legendary,0.8864,107.126,120.852,4.8,dash,9
CrabKing,BugZapper,Unique,0.8864,92.843,104.738,5.16,dash,9
CrabKing,BugZapper,Rare,0.8864,82.13,92.653,5.52,dash,9
CrabKing,BugZapper,Common,0.8864,71.418,80.568,6,dash,9
CrabKing,WaterBalloonSling,Legendary,0.7656,84.604,110.514,4.8,dash,24
CrabKing,WaterBalloonSling,Unique,0.7656,73.323,95.778,5.16,dash,24
CrabKing,WaterBalloonSling,Rare,0.7656,64.863,84.727,5.52,dash,24
CrabKing,WaterBalloonSling,Common,0.7656,56.403,73.676,6,dash,24
CrabKing,ShoppingCart,Legendary,1.1228,114.634,102.096,4.8,dash,11
CrabKing,ShoppingCart,Unique,1.1228,99.349,88.483,5.16,dash,11
CrabKing,ShoppingCart,Rare,1.1228,87.886,78.273,5.52,dash,11
CrabKing,ShoppingCart,Common,1.1228,76.422,68.064,6,dash,11
CrabKing,PelicanBeakReplica,Legendary,0.8421,103.373,122.755,4.8,dash,10
CrabKing,PelicanBeakReplica,Unique,0.8421,89.59,106.388,5.16,dash,10
CrabKing,PelicanBeakReplica,Rare,0.8421,79.252,94.112,5.52,dash,10
CrabKing,PelicanBeakReplica,Common,0.8421,68.915,81.837,6,dash,10
CrabKing,OilBarrelLid,Legendary,1.0526,116.424,110.603,4.8,dash,19
CrabKing,OilBarrelLid,Unique,1.0526,100.901,95.856,5.16,dash,19
CrabKing,OilBarrelLid,Rare,1.0526,89.258,84.795,5.52,dash,19
CrabKing,OilBarrelLid,Common,1.0526,77.616,73.735,6,dash,19
CrabKing,TikiTorch,Legendary,0.9153,95.865,104.733,4.8,dash,11
CrabKing,TikiTorch,Unique,0.9153,83.083,90.768,5.16,dash,11
CrabKing,TikiTorch,Rare,0.9153,73.496,80.295,5.52,dash,11
CrabKing,TikiTorch,Common,0.9153,63.91,69.822,6,dash,11
CrabKing,Skateboard,Legendary,0.7018,92.111,131.259,4.8,dash,10
CrabKing,Skateboard,Unique,0.7018,79.83,113.757,5.16,dash,10
CrabKing,Skateboard,Rare,0.7018,70.619,100.632,5.52,dash,10
CrabKing,Skateboard,Common,0.7018,61.407,87.506,6,dash,10
CrabKing,FishSmack,Legendary,0.8421,99.619,118.297,4.8,dash,9
CrabKing,FishSmack,Unique,0.8421,86.336,102.524,5.16,dash,9
CrabKing,FishSmack,Rare,0.8421,76.374,90.695,5.52,dash,9
CrabKing,FishSmack,Common,0.8421,66.412,78.865,6,dash,9
CrabKing,NewspaperRoll,Legendary,0.6737,80.85,120.012,4.8,dash,8
CrabKing,NewspaperRoll,Unique,0.6737,70.07,104.01,5.16,dash,8
CrabKing,NewspaperRoll,Rare,0.6737,61.985,92.009,5.52,dash,8
CrabKing,NewspaperRoll,Common,0.6737,53.9,80.008,6,dash,8
CrabKing,NetGun,Legendary,0.9357,73.343,78.385,4.8,dash,20
CrabKing,NetGun,Unique,0.9357,63.563,67.933,5.16,dash,20
CrabKing,NetGun,Rare,0.9357,56.229,60.095,5.52,dash,20
CrabKing,NetGun,Common,0.9357,48.895,52.257,6,dash,20
CrabKing,SludgeHose,Legendary,0.9907,103.373,104.342,4.8,dash,22
CrabKing,SludgeHose,Unique,0.9907,89.59,90.429,5.16,dash,22
CrabKing,SludgeHose,Rare,0.9907,79.252,79.995,5.52,dash,22
CrabKing,SludgeHose,Common,0.9907,68.915,69.561,6,dash,22
CrabKing,FinaleRocket,Legendary,1.2955,155.838,120.288,4.8,dash,30
CrabKing,FinaleRocket,Unique,1.2955,135.06,104.249,5.16,dash,30
CrabKing,FinaleRocket,Rare,1.2955,119.476,92.221,5.52,dash,30
CrabKing,FinaleRocket,Common,1.2955,103.892,80.192,6,dash,30
CrabKing,HOAClipboard,Legendary,0.7323,88.358,120.663,4.8,dash,8
CrabKing,HOAClipboard,Unique,0.7323,76.577,104.575,5.16,dash,8
CrabKing,HOAClipboard,Rare,0.7323,67.741,92.508,5.52,dash,8
CrabKing,HOAClipboard,Common,0.7323,58.905,80.442,6,dash,8
CrabKing,BoogieBoard,Legendary,0.802,95.865,119.532,4.8,dash,11
CrabKing,BoogieBoard,Unique,0.802,83.083,103.594,5.16,dash,11
CrabKing,BoogieBoard,Rare,0.802,73.496,91.641,5.52,dash,11
CrabKing,BoogieBoard,Common,0.802,63.91,79.688,6,dash,11
GatorHauler,BareHands,Legendary,1.0118,92.88,91.8,5.6,aoe,8
GatorHauler,BareHands,Unique,1.0118,80.496,79.56,6.02,aoe,8
GatorHauler,BareHands,Rare,1.0118,71.208,70.38,6.44,aoe,8
GatorHauler,BareHands,Common,1.0118,61.92,61.2,7,aoe,8
GatorHauler,FlipFlopSlap,Legendary,0.8798,100.427,114.148,5.6,aoe,9
GatorHauler,FlipFlopSlap,Unique,0.8798,87.036,98.928,6.02,aoe,9
GatorHauler,FlipFlopSlap,Rare,0.8798,76.994,87.513,6.44,aoe,9
GatorHauler,FlipFlopSlap,Common,0.8798,66.951,76.098,7,aoe,9
GatorHauler,LawnDart,Legendary,1.1903,129.219,108.559,5.6,aoe,22
GatorHauler,LawnDart,Unique,1.1903,111.99,94.085,6.02,aoe,22
GatorHauler,LawnDart,Rare,1.1903,99.068,83.229,6.44,aoe,22
GatorHauler,LawnDart,Common,1.1903,86.146,72.373,7,aoe,22
GatorHauler,GolfClub,Legendary,1.1242,115.519,102.759,5.6,aoe,12
GatorHauler,GolfClub,Unique,1.1242,100.117,89.057,6.02,aoe,12
GatorHauler,GolfClub,Rare,1.1242,88.565,78.782,6.44,aoe,12
GatorHauler,GolfClub,Common,1.1242,77.013,68.506,7,aoe,12
GatorHauler,GatorWrestleGloves,Legendary,1.2647,130.613,103.275,5.6,aoe,10
GatorHauler,GatorWrestleGloves,Unique,1.2647,113.197,89.505,6.02,aoe,10
GatorHauler,GatorWrestleGloves,Rare,1.2647,100.136,79.177,6.44,aoe,10
GatorHauler,GatorWrestleGloves,Common,1.2647,87.075,68.85,7,aoe,10
GatorHauler,RomanCandle,Legendary,1.0118,107.973,106.718,5.6,aoe,26
GatorHauler,RomanCandle,Unique,1.0118,93.577,92.489,6.02,aoe,26
GatorHauler,RomanCandle,Rare,1.0118,82.779,81.817,6.44,aoe,26
GatorHauler,RomanCandle,Common,1.0118,71.982,71.145,7,aoe,26
GatorHauler,SnakeLasso,Legendary,1.065,117.334,110.171,5.6,aoe,20
GatorHauler,SnakeLasso,Unique,1.065,101.689,95.481,6.02,aoe,20
GatorHauler,SnakeLasso,Rare,1.065,89.956,84.464,6.44,aoe,20
GatorHauler,SnakeLasso,Common,1.065,78.222,73.447,7,aoe,20
GatorHauler,SpillSkimmer,Legendary,0.9636,104.2,108.138,5.6,aoe,11
GatorHauler,SpillSkimmer,Unique,0.9636,90.306,93.719,6.02,aoe,11
GatorHauler,SpillSkimmer,Rare,0.9636,79.886,82.905,6.44,aoe,11
GatorHauler,SpillSkimmer,Common,0.9636,69.466,72.092,7,aoe,11
GatorHauler,PoolNoodle,Legendary,0.7783,89.107,114.492,5.6,aoe,14
GatorHauler,PoolNoodle,Unique,0.7783,77.226,99.226,6.02,aoe,14
GatorHauler,PoolNoodle,Rare,0.7783,68.315,87.777,6.44,aoe,14
GatorHauler,PoolNoodle,Common,0.7783,59.404,76.328,7,aoe,14
GatorHauler,CoolerLid,Legendary,0.9198,96.653,105.082,5.6,aoe,8
GatorHauler,CoolerLid,Unique,0.9198,83.766,91.071,6.02,aoe,8
GatorHauler,CoolerLid,Rare,0.9198,74.101,80.563,6.44,aoe,8
GatorHauler,CoolerLid,Common,0.9198,64.435,70.055,7,aoe,8
GatorHauler,BeachUmbrella,Legendary,1.1497,107.973,93.911,5.6,aoe,13
GatorHauler,BeachUmbrella,Unique,1.1497,93.577,81.39,6.02,aoe,13
GatorHauler,BeachUmbrella,Rare,1.1497,82.779,71.999,6.44,aoe,13
GatorHauler,BeachUmbrella,Common,1.1497,71.982,62.608,7,aoe,13
GatorHauler,FireExtinguisher,Legendary,1.0118,100.427,99.259,5.6,aoe,18
GatorHauler,FireExtinguisher,Unique,1.0118,87.036,86.024,6.02,aoe,18
GatorHauler,FireExtinguisher,Rare,1.0118,76.994,76.098,6.44,aoe,18
GatorHauler,FireExtinguisher,Common,1.0118,66.951,66.173,7,aoe,18
GatorHauler,TrafficCone,Legendary,0.9636,109.41,113.544,5.6,aoe,16
GatorHauler,TrafficCone,Unique,0.9636,94.822,98.405,6.02,aoe,16
GatorHauler,TrafficCone,Rare,0.9636,83.881,87.051,6.44,aoe,16
GatorHauler,TrafficCone,Common,0.9636,72.94,75.696,7,aoe,16
GatorHauler,KayakPaddle,Legendary,1.0118,111.746,110.447,5.6,aoe,12
GatorHauler,KayakPaddle,Unique,1.0118,96.847,95.721,6.02,aoe,12
GatorHauler,KayakPaddle,Rare,1.0118,85.672,84.676,6.44,aoe,12
GatorHauler,KayakPaddle,Common,1.0118,74.498,73.631,7,aoe,12
GatorHauler,BugZapper,Legendary,1.065,119.293,112.01,5.6,aoe,9
GatorHauler,BugZapper,Unique,1.065,103.387,97.076,6.02,aoe,9
GatorHauler,BugZapper,Rare,1.065,91.458,85.875,6.44,aoe,9
GatorHauler,BugZapper,Common,1.065,79.529,74.674,7,aoe,9
GatorHauler,WaterBalloonSling,Legendary,0.9198,96.653,105.082,5.6,aoe,24
GatorHauler,WaterBalloonSling,Unique,0.9198,83.766,91.071,6.02,aoe,24
GatorHauler,WaterBalloonSling,Rare,0.9198,74.101,80.563,6.44,aoe,24
GatorHauler,WaterBalloonSling,Common,0.9198,64.435,70.055,7,aoe,24
GatorHauler,ShoppingCart,Legendary,1.349,126.839,94.023,5.6,aoe,11
GatorHauler,ShoppingCart,Unique,1.349,109.927,81.487,6.02,aoe,11
GatorHauler,ShoppingCart,Rare,1.349,97.243,72.085,6.44,aoe,11
GatorHauler,ShoppingCart,Common,1.349,84.56,62.682,7,aoe,11
GatorHauler,PelicanBeakReplica,Legendary,1.0118,115.519,114.176,5.6,aoe,10
GatorHauler,PelicanBeakReplica,Unique,1.0118,100.117,98.953,6.02,aoe,10
GatorHauler,PelicanBeakReplica,Rare,1.0118,88.565,87.535,6.44,aoe,10
GatorHauler,PelicanBeakReplica,Common,1.0118,77.013,76.117,7,aoe,10
GatorHauler,OilBarrelLid,Legendary,1.2647,129.219,102.173,5.6,aoe,19
GatorHauler,OilBarrelLid,Unique,1.2647,111.99,88.55,6.02,aoe,19
GatorHauler,OilBarrelLid,Rare,1.2647,99.068,78.333,6.44,aoe,19
GatorHauler,OilBarrelLid,Common,1.2647,86.146,68.116,7,aoe,19
GatorHauler,TikiTorch,Legendary,1.0997,107.973,98.18,5.6,aoe,11
GatorHauler,TikiTorch,Unique,1.0997,93.577,85.089,6.02,aoe,11
GatorHauler,TikiTorch,Rare,1.0997,82.779,75.271,6.44,aoe,11
GatorHauler,TikiTorch,Common,1.0997,71.982,65.453,7,aoe,11
GatorHauler,Skateboard,Legendary,0.8431,104.2,123.586,5.6,aoe,10
GatorHauler,Skateboard,Unique,0.8431,90.306,107.108,6.02,aoe,10
GatorHauler,Skateboard,Rare,0.8431,79.886,94.749,6.44,aoe,10
GatorHauler,Skateboard,Common,0.8431,69.466,82.391,7,aoe,10
GatorHauler,FishSmack,Legendary,1.0118,111.746,110.447,5.6,aoe,9
GatorHauler,FishSmack,Unique,1.0118,96.847,95.721,6.02,aoe,9
GatorHauler,FishSmack,Rare,1.0118,85.672,84.676,6.44,aoe,9
GatorHauler,FishSmack,Common,1.0118,74.498,73.631,7,aoe,9
GatorHauler,NewspaperRoll,Legendary,0.8094,92.88,114.75,5.6,aoe,8
GatorHauler,NewspaperRoll,Unique,0.8094,80.496,99.45,6.02,aoe,8
GatorHauler,NewspaperRoll,Rare,0.8094,71.208,87.975,6.44,aoe,8
GatorHauler,NewspaperRoll,Common,0.8094,61.92,76.5,7,aoe,8
GatorHauler,NetGun,Legendary,1.1242,85.333,75.907,5.6,aoe,20
GatorHauler,NetGun,Unique,1.1242,73.956,65.786,6.02,aoe,20
GatorHauler,NetGun,Rare,1.1242,65.422,58.195,6.44,aoe,20
GatorHauler,NetGun,Common,1.1242,56.889,50.605,7,aoe,20
GatorHauler,SludgeHose,Legendary,1.1903,115.519,97.05,5.6,aoe,22
GatorHauler,SludgeHose,Unique,1.1903,100.117,84.11,6.02,aoe,22
GatorHauler,SludgeHose,Rare,1.1903,88.565,74.405,6.44,aoe,22
GatorHauler,SludgeHose,Common,1.1903,77.013,64.7,7,aoe,22
GatorHauler,FinaleRocket,Legendary,1.5566,168.838,108.469,5.6,aoe,30
GatorHauler,FinaleRocket,Unique,1.5566,146.327,94.006,6.02,aoe,30
GatorHauler,FinaleRocket,Rare,1.5566,129.443,83.159,6.44,aoe,30
GatorHauler,FinaleRocket,Common,1.5566,112.559,72.313,7,aoe,30
GatorHauler,HOAClipboard,Legendary,0.8798,100.427,114.148,5.6,aoe,8
GatorHauler,HOAClipboard,Unique,0.8798,87.036,98.928,6.02,aoe,8
GatorHauler,HOAClipboard,Rare,0.8798,76.994,87.513,6.44,aoe,8
GatorHauler,HOAClipboard,Common,0.8798,66.951,76.098,7,aoe,8
GatorHauler,BoogieBoard,Legendary,0.9636,107.973,112.053,5.6,aoe,11
GatorHauler,BoogieBoard,Unique,0.9636,93.577,97.113,6.02,aoe,11
GatorHauler,BoogieBoard,Rare,0.9636,82.779,85.908,6.44,aoe,11
GatorHauler,BoogieBoard,Common,0.9636,71.982,74.702,7,aoe,11
SnakeCharmer,BareHands,Legendary,0.4522,52.47,116.039,6.4,summon,8
SnakeCharmer,BareHands,Unique,0.4522,45.474,100.567,6.88,summon,8
SnakeCharmer,BareHands,Rare,0.4522,40.227,88.964,7.36,summon,8
SnakeCharmer,BareHands,Common,0.4522,34.98,77.36,8,summon,8
SnakeCharmer,FlipFlopSlap,Legendary,0.3932,58.671,149.216,6.4,summon,9
SnakeCharmer,FlipFlopSlap,Unique,0.3932,50.848,129.321,6.88,summon,9
SnakeCharmer,FlipFlopSlap,Rare,0.3932,44.981,114.399,7.36,summon,9
SnakeCharmer,FlipFlopSlap,Common,0.3932,39.114,99.477,8,summon,9
SnakeCharmer,LawnDart,Legendary,0.532,81.138,152.523,6.4,summon,22
SnakeCharmer,LawnDart,Unique,0.532,70.319,132.187,6.88,summon,22
SnakeCharmer,LawnDart,Rare,0.532,62.206,116.935,7.36,summon,22
SnakeCharmer,LawnDart,Common,0.532,54.092,101.682,8,summon,22
SnakeCharmer,GolfClub,Legendary,0.5024,71.073,141.463,6.4,summon,12
SnakeCharmer,GolfClub,Unique,0.5024,61.597,122.601,6.88,summon,12
SnakeCharmer,GolfClub,Rare,0.5024,54.489,108.455,7.36,summon,12
SnakeCharmer,GolfClub,Common,0.5024,47.382,94.308,8,summon,12
SnakeCharmer,GatorWrestleGloves,Legendary,0.5652,83.475,147.687,6.4,summon,10
SnakeCharmer,GatorWrestleGloves,Unique,0.5652,72.345,127.995,6.88,summon,10
SnakeCharmer,GatorWrestleGloves,Rare,0.5652,63.998,113.226,7.36,summon,10
SnakeCharmer,GatorWrestleGloves,Common,0.5652,55.65,98.458,8,summon,10
SnakeCharmer,RomanCandle,Legendary,0.4522,64.872,143.467,6.4,summon,26
SnakeCharmer,RomanCandle,Unique,0.4522,56.222,124.338,6.88,summon,26
SnakeCharmer,RomanCandle,Rare,0.4522,49.735,109.991,7.36,summon,26
SnakeCharmer,RomanCandle,Common,0.4522,43.248,95.645,8,summon,26
SnakeCharmer,SnakeLasso,Legendary,0.476,71.371,149.948,6.4,summon,20
SnakeCharmer,SnakeLasso,Unique,0.476,61.855,129.955,6.88,summon,20
SnakeCharmer,SnakeLasso,Rare,0.476,54.718,114.96,7.36,summon,20
SnakeCharmer,SnakeLasso,Common,0.476,47.581,99.965,8,summon,20
SnakeCharmer,SpillSkimmer,Legendary,0.4306,61.771,143.441,6.4,summon,11
SnakeCharmer,SpillSkimmer,Unique,0.4306,53.535,124.315,6.88,summon,11
SnakeCharmer,SpillSkimmer,Rare,0.4306,47.358,109.971,7.36,summon,11
SnakeCharmer,SpillSkimmer,Common,0.4306,41.181,95.627,8,summon,11
SnakeCharmer,PoolNoodle,Legendary,0.3478,49.369,141.937,6.4,summon,14
SnakeCharmer,PoolNoodle,Unique,0.3478,42.787,123.012,6.88,summon,14
SnakeCharmer,PoolNoodle,Rare,0.3478,37.85,108.819,7.36,summon,14
SnakeCharmer,PoolNoodle,Common,0.3478,32.913,94.625,8,summon,14
SnakeCharmer,CoolerLid,Legendary,0.4111,55.571,135.186,6.4,summon,8
SnakeCharmer,CoolerLid,Unique,0.4111,48.161,117.161,6.88,summon,8
SnakeCharmer,CoolerLid,Rare,0.4111,42.604,103.643,7.36,summon,8
SnakeCharmer,CoolerLid,Common,0.4111,37.047,90.124,8,summon,8
SnakeCharmer,BeachUmbrella,Legendary,0.5138,64.872,126.251,6.4,summon,13
SnakeCharmer,BeachUmbrella,Unique,0.5138,56.222,109.417,6.88,summon,13
SnakeCharmer,BeachUmbrella,Rare,0.5138,49.735,96.792,7.36,summon,13
SnakeCharmer,BeachUmbrella,Common,0.5138,43.248,84.167,8,summon,13
SnakeCharmer,FireExtinguisher,Legendary,0.4522,58.671,129.753,6.4,summon,18
SnakeCharmer,FireExtinguisher,Unique,0.4522,50.848,112.453,6.88,summon,18
SnakeCharmer,FireExtinguisher,Rare,0.4522,44.981,99.477,7.36,summon,18
SnakeCharmer,FireExtinguisher,Common,0.4522,39.114,86.502,8,summon,18
SnakeCharmer,TrafficCone,Legendary,0.4306,64.86,150.613,6.4,summon,16
SnakeCharmer,TrafficCone,Unique,0.4306,56.212,130.531,6.88,summon,16
SnakeCharmer,TrafficCone,Rare,0.4306,49.726,115.47,7.36,summon,16
SnakeCharmer,TrafficCone,Common,0.4306,43.24,100.408,8,summon,16
SnakeCharmer,KayakPaddle,Legendary,0.4522,67.972,150.324,6.4,summon,12
SnakeCharmer,KayakPaddle,Unique,0.4522,58.91,130.281,6.88,summon,12
SnakeCharmer,KayakPaddle,Rare,0.4522,52.112,115.248,7.36,summon,12
SnakeCharmer,KayakPaddle,Common,0.4522,45.315,100.216,8,summon,12
SnakeCharmer,BugZapper,Legendary,0.476,74.174,155.836,6.4,summon,9
SnakeCharmer,BugZapper,Unique,0.476,64.284,135.058,6.88,summon,9
SnakeCharmer,BugZapper,Rare,0.476,56.866,119.474,7.36,summon,9
SnakeCharmer,BugZapper,Common,0.476,49.449,103.89,8,summon,9
SnakeCharmer,WaterBalloonSling,Legendary,0.4111,55.571,135.186,6.4,summon,24
SnakeCharmer,WaterBalloonSling,Unique,0.4111,48.161,117.161,6.88,summon,24
SnakeCharmer,WaterBalloonSling,Rare,0.4111,42.604,103.643,7.36,summon,24
SnakeCharmer,WaterBalloonSling,Common,0.4111,37.047,90.124,8,summon,24
SnakeCharmer,ShoppingCart,Legendary,0.6029,80.375,133.313,6.4,summon,11
SnakeCharmer,ShoppingCart,Unique,0.6029,69.658,115.538,6.88,summon,11
SnakeCharmer,ShoppingCart,Rare,0.6029,61.62,102.207,7.36,summon,11
SnakeCharmer,ShoppingCart,Common,0.6029,53.583,88.876,8,summon,11
SnakeCharmer,PelicanBeakReplica,Legendary,0.4522,71.073,157.181,6.4,summon,10
SnakeCharmer,PelicanBeakReplica,Unique,0.4522,61.597,136.223,6.88,summon,10
SnakeCharmer,PelicanBeakReplica,Rare,0.4522,54.489,120.505,7.36,summon,10
SnakeCharmer,PelicanBeakReplica,Common,0.4522,47.382,104.787,8,summon,10
SnakeCharmer,OilBarrelLid,Legendary,0.5652,81.138,143.551,6.4,summon,19
SnakeCharmer,OilBarrelLid,Unique,0.5652,70.319,124.411,6.88,summon,19
SnakeCharmer,OilBarrelLid,Rare,0.5652,62.206,110.056,7.36,summon,19
SnakeCharmer,OilBarrelLid,Common,0.5652,54.092,95.701,8,summon,19
SnakeCharmer,TikiTorch,Legendary,0.4915,64.872,131.99,6.4,summon,11
SnakeCharmer,TikiTorch,Unique,0.4915,56.222,114.391,6.88,summon,11
SnakeCharmer,TikiTorch,Rare,0.4915,49.735,101.192,7.36,summon,11
SnakeCharmer,TikiTorch,Common,0.4915,43.248,87.993,8,summon,11
SnakeCharmer,Skateboard,Legendary,0.3768,61.771,163.932,6.4,summon,10
SnakeCharmer,Skateboard,Unique,0.3768,53.535,142.074,6.88,summon,10
SnakeCharmer,Skateboard,Rare,0.3768,47.358,125.681,7.36,summon,10
SnakeCharmer,Skateboard,Common,0.3768,41.181,109.288,8,summon,10
SnakeCharmer,FishSmack,Legendary,0.4522,67.972,150.324,6.4,summon,9
SnakeCharmer,FishSmack,Unique,0.4522,58.91,130.281,6.88,summon,9
SnakeCharmer,FishSmack,Rare,0.4522,52.112,115.248,7.36,summon,9
SnakeCharmer,FishSmack,Common,0.4522,45.315,100.216,8,summon,9
SnakeCharmer,NewspaperRoll,Legendary,0.3617,52.47,145.049,6.4,summon,8
SnakeCharmer,NewspaperRoll,Unique,0.3617,45.474,125.709,6.88,summon,8
SnakeCharmer,NewspaperRoll,Rare,0.3617,40.227,111.204,7.36,summon,8
SnakeCharmer,NewspaperRoll,Common,0.3617,34.98,96.7,8,summon,8
SnakeCharmer,NetGun,Legendary,0.5024,46.269,92.093,6.4,summon,20
SnakeCharmer,NetGun,Unique,0.5024,40.1,79.814,6.88,summon,20
SnakeCharmer,NetGun,Rare,0.5024,35.473,70.605,7.36,summon,20
SnakeCharmer,NetGun,Common,0.5024,30.846,61.395,8,summon,20
SnakeCharmer,SludgeHose,Legendary,0.532,71.073,133.604,6.4,summon,22
SnakeCharmer,SludgeHose,Unique,0.532,61.597,115.79,6.88,summon,22
SnakeCharmer,SludgeHose,Rare,0.532,54.489,102.429,7.36,summon,22
SnakeCharmer,SludgeHose,Common,0.532,47.382,89.069,8,summon,22
SnakeCharmer,FinaleRocket,Legendary,0.6957,113.693,163.434,6.4,summon,30
SnakeCharmer,FinaleRocket,Unique,0.6957,98.534,141.642,6.88,summon,30
SnakeCharmer,FinaleRocket,Rare,0.6957,87.165,125.299,7.36,summon,30
SnakeCharmer,FinaleRocket,Common,0.6957,75.795,108.956,8,summon,30
SnakeCharmer,HOAClipboard,Legendary,0.3932,58.671,149.216,6.4,summon,8
SnakeCharmer,HOAClipboard,Unique,0.3932,50.848,129.321,6.88,summon,8
SnakeCharmer,HOAClipboard,Rare,0.3932,44.981,114.399,7.36,summon,8
SnakeCharmer,HOAClipboard,Common,0.3932,39.114,99.477,8,summon,8
SnakeCharmer,BoogieBoard,Legendary,0.4306,64.872,150.64,6.4,summon,11
SnakeCharmer,BoogieBoard,Unique,0.4306,56.222,130.555,6.88,summon,11
SnakeCharmer,BoogieBoard,Rare,0.4306,49.735,115.491,7.36,summon,11
SnakeCharmer,BoogieBoard,Common,0.4306,43.248,100.427,8,summon,11
GolfCartBandit,BareHands,Legendary,0.368,46.2,125.543,4.4,dash,8
GolfCartBandit,BareHands,Unique,0.368,40.04,108.804,4.73,dash,8
GolfCartBandit,BareHands,Rare,0.368,35.42,96.25,5.06,dash,8
GolfCartBandit,BareHands,Common,0.368,30.8,83.696,5.5,dash,8
GolfCartBandit,FlipFlopSlap,Legendary,0.32,52.206,163.144,4.4,dash,9
GolfCartBandit,FlipFlopSlap,Unique,0.32,45.245,141.391,4.73,dash,9
GolfCartBandit,FlipFlopSlap,Rare,0.32,40.025,125.077,5.06,dash,9
GolfCartBandit,FlipFlopSlap,Common,0.32,34.804,108.763,5.5,dash,9
GolfCartBandit,LawnDart,Legendary,0.4329,73.735,170.312,4.4,dash,22
GolfCartBandit,LawnDart,Unique,0.4329,63.904,147.604,4.73,dash,22
GolfCartBandit,LawnDart,Rare,0.4329,56.53,130.573,5.06,dash,22
GolfCartBandit,LawnDart,Common,0.4329,49.157,113.542,5.5,dash,22
GolfCartBandit,GolfClub,Legendary,0.4089,64.218,157.055,4.4,dash,12
GolfCartBandit,GolfClub,Unique,0.4089,55.656,136.114,4.73,dash,12
GolfCartBandit,GolfClub,Rare,0.4089,49.234,120.409,5.06,dash,12
GolfCartBandit,GolfClub,Common,0.4089,42.812,104.703,5.5,dash,12
GolfCartBandit,GatorWrestleGloves,Legendary,0.46,76.23,165.717,4.4,dash,10
GolfCartBandit,GatorWrestleGloves,Unique,0.46,66.066,143.622,4.73,dash,10
GolfCartBandit,GatorWrestleGloves,Rare,0.46,58.443,127.05,5.06,dash,10
GolfCartBandit,GatorWrestleGloves,Common,0.46,50.82,110.478,5.5,dash,10
GolfCartBandit,RomanCandle,Legendary,0.368,58.212,158.185,4.4,dash,26
GolfCartBandit,RomanCandle,Unique,0.368,50.45,137.093,4.73,dash,26
GolfCartBandit,RomanCandle,Rare,0.368,44.629,121.275,5.06,dash,26
GolfCartBandit,RomanCandle,Common,0.368,38.808,105.457,5.5,dash,26
GolfCartBandit,SnakeLasso,Legendary,0.3874,64.276,165.929,4.4,dash,20
GolfCartBandit,SnakeLasso,Unique,0.3874,55.706,143.805,4.73,dash,20
GolfCartBandit,SnakeLasso,Rare,0.3874,49.278,127.212,5.06,dash,20
GolfCartBandit,SnakeLasso,Common,0.3874,42.851,110.619,5.5,dash,20
GolfCartBandit,SpillSkimmer,Legendary,0.3505,55.209,157.526,4.4,dash,11
GolfCartBandit,SpillSkimmer,Unique,0.3505,47.848,136.522,4.73,dash,11
GolfCartBandit,SpillSkimmer,Rare,0.3505,42.327,120.77,5.06,dash,11
GolfCartBandit,SpillSkimmer,Common,0.3505,36.806,105.017,5.5,dash,11
GolfCartBandit,PoolNoodle,Legendary,0.2831,43.197,152.598,4.4,dash,14
GolfCartBandit,PoolNoodle,Unique,0.2831,37.437,132.252,4.73,dash,14
GolfCartBandit,PoolNoodle,Rare,0.2831,33.118,116.992,5.06,dash,14
GolfCartBandit,PoolNoodle,Common,0.2831,28.798,101.732,5.5,dash,14
GolfCartBandit,CoolerLid,Legendary,0.3345,49.203,147.074,4.4,dash,8
GolfCartBandit,CoolerLid,Unique,0.3345,42.643,127.464,4.73,dash,8
GolfCartBandit,CoolerLid,Rare,0.3345,37.722,112.757,5.06,dash,8
GolfCartBandit,CoolerLid,Common,0.3345,32.802,98.049,5.5,dash,8
GolfCartBandit,BeachUmbrella,Legendary,0.4182,58.212,139.203,4.4,dash,13
GolfCartBandit,BeachUmbrella,Unique,0.4182,50.45,120.642,4.73,dash,13
GolfCartBandit,BeachUmbrella,Rare,0.4182,44.629,106.722,5.06,dash,13
GolfCartBandit,BeachUmbrella,Common,0.4182,38.808,92.802,5.5,dash,13
GolfCartBandit,FireExtinguisher,Legendary,0.368,52.206,141.864,4.4,dash,18
GolfCartBandit,FireExtinguisher,Unique,0.368,45.245,122.949,4.73,dash,18
GolfCartBandit,FireExtinguisher,Rare,0.368,40.025,108.762,5.06,dash,18
GolfCartBandit,FireExtinguisher,Common,0.368,34.804,94.576,5.5,dash,18
GolfCartBandit,TrafficCone,Legendary,0.3505,57.969,165.402,4.4,dash,16
GolfCartBandit,TrafficCone,Unique,0.3505,50.24,143.348,4.73,dash,16
GolfCartBandit,TrafficCone,Rare,0.3505,44.443,126.808,5.06,dash,16
GolfCartBandit,TrafficCone,Common,0.3505,38.646,110.268,5.5,dash,16
GolfCartBandit,KayakPaddle,Legendary,0.368,61.215,166.345,4.4,dash,12
GolfCartBandit,KayakPaddle,Unique,0.368,53.053,144.166,4.73,dash,12
GolfCartBandit,KayakPaddle,Rare,0.368,46.931,127.531,5.06,dash,12
GolfCartBandit,KayakPaddle,Common,0.368,40.81,110.897,5.5,dash,12
GolfCartBandit,BugZapper,Legendary,0.3874,67.221,173.532,4.4,dash,9
GolfCartBandit,BugZapper,Unique,0.3874,58.258,150.395,4.73,dash,9
GolfCartBandit,BugZapper,Rare,0.3874,51.536,133.042,5.06,dash,9
GolfCartBandit,BugZapper,Common,0.3874,44.814,115.688,5.5,dash,9
GolfCartBandit,WaterBalloonSling,Legendary,0.3345,49.203,147.074,4.4,dash,24
GolfCartBandit,WaterBalloonSling,Unique,0.3345,42.643,127.464,4.73,dash,24
GolfCartBandit,WaterBalloonSling,Rare,0.3345,37.722,112.757,5.06,dash,24
GolfCartBandit,WaterBalloonSling,Common,0.3345,32.802,98.049,5.5,dash,24
GolfCartBandit,ShoppingCart,Legendary,0.4907,73.227,149.24,4.4,dash,11
GolfCartBandit,ShoppingCart,Unique,0.4907,63.463,129.341,4.73,dash,11
GolfCartBandit,ShoppingCart,Rare,0.4907,56.141,114.417,5.06,dash,11
GolfCartBandit,ShoppingCart,Common,0.4907,48.818,99.493,5.5,dash,11
GolfCartBandit,PelicanBeakReplica,Legendary,0.368,64.218,174.505,4.4,dash,10
GolfCartBandit,PelicanBeakReplica,Unique,0.368,55.656,151.238,4.73,dash,10
GolfCartBandit,PelicanBeakReplica,Rare,0.368,49.234,133.787,5.06,dash,10
GolfCartBandit,PelicanBeakReplica,Common,0.368,42.812,116.337,5.5,dash,10
GolfCartBandit,OilBarrelLid,Legendary,0.46,73.735,160.294,4.4,dash,19
GolfCartBandit,OilBarrelLid,Unique,0.46,63.904,138.921,4.73,dash,19
GolfCartBandit,OilBarrelLid,Rare,0.46,56.53,122.892,5.06,dash,19
GolfCartBandit,OilBarrelLid,Common,0.46,49.157,106.863,5.5,dash,19
GolfCartBandit,TikiTorch,Legendary,0.4,58.212,145.53,4.4,dash,11
GolfCartBandit,TikiTorch,Unique,0.4,50.45,126.126,4.73,dash,11
GolfCartBandit,TikiTorch,Rare,0.4,44.629,111.573,5.06,dash,11
GolfCartBandit,TikiTorch,Common,0.4,38.808,97.02,5.5,dash,11
GolfCartBandit,Skateboard,Legendary,0.3067,55.209,180.029,4.4,dash,10
GolfCartBandit,Skateboard,Unique,0.3067,47.848,156.025,4.73,dash,10
GolfCartBandit,Skateboard,Rare,0.3067,42.327,138.023,5.06,dash,10
GolfCartBandit,Skateboard,Common,0.3067,36.806,120.02,5.5,dash,10
GolfCartBandit,FishSmack,Legendary,0.368,61.215,166.345,4.4,dash,9
GolfCartBandit,FishSmack,Unique,0.368,53.053,144.166,4.73,dash,9
GolfCartBandit,FishSmack,Rare,0.368,46.931,127.531,5.06,dash,9
GolfCartBandit,FishSmack,Common,0.368,40.81,110.897,5.5,dash,9
GolfCartBandit,NewspaperRoll,Legendary,0.2944,46.2,156.929,4.4,dash,8
GolfCartBandit,NewspaperRoll,Unique,0.2944,40.04,136.005,4.73,dash,8
GolfCartBandit,NewspaperRoll,Rare,0.2944,35.42,120.313,5.06,dash,8
GolfCartBandit,NewspaperRoll,Common,0.2944,30.8,104.62,5.5,dash,8
GolfCartBandit,NetGun,Legendary,0.4089,40.194,98.301,4.4,dash,20
GolfCartBandit,NetGun,Unique,0.4089,34.835,85.194,4.73,dash,20
GolfCartBandit,NetGun,Rare,0.4089,30.815,75.364,5.06,dash,20
GolfCartBandit,NetGun,Common,0.4089,26.796,65.534,5.5,dash,20
GolfCartBandit,SludgeHose,Legendary,0.4329,64.218,148.33,4.4,dash,22
GolfCartBandit,SludgeHose,Unique,0.4329,55.656,128.552,4.73,dash,22
GolfCartBandit,SludgeHose,Rare,0.4329,49.234,113.719,5.06,dash,22
GolfCartBandit,SludgeHose,Common,0.4329,42.812,98.886,5.5,dash,22
GolfCartBandit,FinaleRocket,Legendary,0.5662,105.267,185.933,4.4,dash,30
GolfCartBandit,FinaleRocket,Unique,0.5662,91.231,161.142,4.73,dash,30
GolfCartBandit,FinaleRocket,Rare,0.5662,80.704,142.549,5.06,dash,30
GolfCartBandit,FinaleRocket,Common,0.5662,70.178,123.955,5.5,dash,30
GolfCartBandit,HOAClipboard,Legendary,0.32,52.206,163.144,4.4,dash,8
GolfCartBandit,HOAClipboard,Unique,0.32,45.245,141.391,4.73,dash,8
GolfCartBandit,HOAClipboard,Rare,0.32,40.025,125.077,5.06,dash,8
GolfCartBandit,HOAClipboard,Common,0.32,34.804,108.763,5.5,dash,8
GolfCartBandit,BoogieBoard,Legendary,0.3505,58.212,166.094,4.4,dash,11
GolfCartBandit,BoogieBoard,Unique,0.3505,50.45,143.948,4.73,dash,11
GolfCartBandit,BoogieBoard,Rare,0.3505,44.629,127.339,5.06,dash,11
GolfCartBandit,BoogieBoard,Common,0.3505,38.808,110.729,5.5,dash,11
FireworksEnthusiast,BareHands,Legendary,0.6476,68.64,105.988,6.0,aoe,8
FireworksEnthusiast,BareHands,Unique,0.6476,59.488,91.856,6.45,aoe,8
FireworksEnthusiast,BareHands,Rare,0.6476,52.624,81.258,6.9,aoe,8
FireworksEnthusiast,BareHands,Common,0.6476,45.76,70.659,7.5,aoe,8
FireworksEnthusiast,FlipFlopSlap,Legendary,0.5631,75.504,134.075,6.0,aoe,9
FireworksEnthusiast,FlipFlopSlap,Unique,0.5631,65.437,116.198,6.45,aoe,9
FireworksEnthusiast,FlipFlopSlap,Rare,0.5631,57.886,102.791,6.9,aoe,9
FireworksEnthusiast,FlipFlopSlap,Common,0.5631,50.336,89.383,7.5,aoe,9
FireworksEnthusiast,LawnDart,Legendary,0.7619,100.901,132.432,6.0,aoe,22
FireworksEnthusiast,LawnDart,Unique,0.7619,87.447,114.775,6.45,aoe,22
FireworksEnthusiast,LawnDart,Rare,0.7619,77.357,101.531,6.9,aoe,22
FireworksEnthusiast,LawnDart,Common,0.7619,67.267,88.288,7.5,aoe,22
FireworksEnthusiast,GolfClub,Legendary,0.7196,89.232,124.006,6.0,aoe,12
FireworksEnthusiast,GolfClub,Unique,0.7196,77.334,107.472,6.45,aoe,12
FireworksEnthusiast,GolfClub,Rare,0.7196,68.411,95.071,6.9,aoe,12
FireworksEnthusiast,GolfClub,Common,0.7196,59.488,82.671,7.5,aoe,12
FireworksEnthusiast,GatorWrestleGloves,Legendary,0.8095,102.96,127.186,6.0,aoe,10
FireworksEnthusiast,GatorWrestleGloves,Unique,0.8095,89.232,110.228,6.45,aoe,10
FireworksEnthusiast,GatorWrestleGloves,Rare,0.8095,78.936,97.509,6.9,aoe,10
FireworksEnthusiast,GatorWrestleGloves,Common,0.8095,68.64,84.791,7.5,aoe,10
FireworksEnthusiast,RomanCandle,Legendary,0.6476,82.368,127.186,6.0,aoe,26
FireworksEnthusiast,RomanCandle,Unique,0.6476,71.386,110.228,6.45,aoe,26
FireworksEnthusiast,RomanCandle,Rare,0.6476,63.149,97.509,6.9,aoe,26
FireworksEnthusiast,RomanCandle,Common,0.6476,54.912,84.791,7.5,aoe,26
FireworksEnthusiast,SnakeLasso,Legendary,0.6817,90.09,132.154,6.0,aoe,20
FireworksEnthusiast,SnakeLasso,Unique,0.6817,78.078,114.534,6.45,aoe,20
FireworksEnthusiast,SnakeLasso,Rare,0.6817,69.069,101.318,6.9,aoe,20
FireworksEnthusiast,SnakeLasso,Common,0.6817,60.06,88.103,7.5,aoe,20
FireworksEnthusiast,SpillSkimmer,Legendary,0.6168,78.936,127.981,6.0,aoe,11
FireworksEnthusiast,SpillSkimmer,Unique,0.6168,68.411,110.917,6.45,aoe,11
FireworksEnthusiast,SpillSkimmer,Rare,0.6168,60.518,98.119,6.9,aoe,11
FireworksEnthusiast,SpillSkimmer,Common,0.6168,52.624,85.321,7.5,aoe,11
FireworksEnthusiast,PoolNoodle,Legendary,0.4982,65.208,130.895,6.0,aoe,14
FireworksEnthusiast,PoolNoodle,Unique,0.4982,56.514,113.443,6.45,aoe,14
FireworksEnthusiast,PoolNoodle,Rare,0.4982,49.993,100.353,6.9,aoe,14
FireworksEnthusiast,PoolNoodle,Common,0.4982,43.472,87.264,7.5,aoe,14
FireworksEnthusiast,CoolerLid,Legendary,0.5887,72.072,122.416,6.0,aoe,8
FireworksEnthusiast,CoolerLid,Unique,0.5887,62.462,106.094,6.45,aoe,8
FireworksEnthusiast,CoolerLid,Rare,0.5887,55.255,93.853,6.9,aoe,8
FireworksEnthusiast,CoolerLid,Common,0.5887,48.048,81.611,7.5,aoe,8
FireworksEnthusiast,BeachUmbrella,Legendary,0.7359,82.368,111.924,6.0,aoe,13
FireworksEnthusiast,BeachUmbrella,Unique,0.7359,71.386,97.0,6.45,aoe,13
FireworksEnthusiast,BeachUmbrella,Rare,0.7359,63.149,85.808,6.9,aoe,13
FireworksEnthusiast,BeachUmbrella,Common,0.7359,54.912,74.616,7.5,aoe,13
FireworksEnthusiast,FireExtinguisher,Legendary,0.6476,75.504,116.587,6.0,aoe,18
FireworksEnthusiast,FireExtinguisher,Unique,0.6476,65.437,101.042,6.45,aoe,18
FireworksEnthusiast,FireExtinguisher,Rare,0.6476,57.886,89.383,6.9,aoe,18
FireworksEnthusiast,FireExtinguisher,Common,0.6476,50.336,77.725,7.5,aoe,18
FireworksEnthusiast,TrafficCone,Legendary,0.6168,82.883,134.38,6.0,aoe,16
FireworksEnthusiast,TrafficCone,Unique,0.6168,71.832,116.463,6.45,aoe,16
FireworksEnthusiast,TrafficCone,Rare,0.6168,63.543,103.025,6.9,aoe,16
FireworksEnthusiast,TrafficCone,Common,0.6168,55.255,89.587,7.5,aoe,16
FireworksEnthusiast,KayakPaddle,Legendary,0.6476,85.8,132.485,6.0,aoe,12
FireworksEnthusiast,KayakPaddle,Unique,0.6476,74.36,114.821,6.45,aoe,12
FireworksEnthusiast,KayakPaddle,Rare,0.6476,65.78,101.572,6.9,aoe,12
FireworksEnthusiast,KayakPaddle,Common,0.6476,57.2,88.324,7.5,aoe,12
FireworksEnthusiast,BugZapper,Legendary,0.6817,92.664,135.93,6.0,aoe,9
FireworksEnthusiast,BugZapper,Unique,0.6817,80.309,117.806,6.45,aoe,9
FireworksEnthusiast,BugZapper,Rare,0.6817,71.042,104.213,6.9,aoe,9
FireworksEnthusiast,BugZapper,Common,0.6817,61.776,90.62,7.5,aoe,9
FireworksEnthusiast,WaterBalloonSling,Legendary,0.5887,72.072,122.416,6.0,aoe,24
FireworksEnthusiast,WaterBalloonSling,Unique,0.5887,62.462,106.094,6.45,aoe,24
FireworksEnthusiast,WaterBalloonSling,Rare,0.5887,55.255,93.853,6.9,aoe,24
FireworksEnthusiast,WaterBalloonSling,Common,0.5887,48.048,81.611,7.5,aoe,24
FireworksEnthusiast,ShoppingCart,Legendary,0.8635,99.528,115.262,6.0,aoe,11
FireworksEnthusiast,ShoppingCart,Unique,0.8635,86.258,99.894,6.45,aoe,11
FireworksEnthusiast,ShoppingCart,Rare,0.8635,76.305,88.368,6.9,aoe,11
FireworksEnthusiast,ShoppingCart,Common,0.8635,66.352,76.841,7.5,aoe,11
FireworksEnthusiast,PelicanBeakReplica,Legendary,0.6476,89.232,137.785,6.0,aoe,10
FireworksEnthusiast,PelicanBeakReplica,Unique,0.6476,77.334,119.413,6.45,aoe,10
FireworksEnthusiast,PelicanBeakReplica,Rare,0.6476,68.411,105.635,6.9,aoe,10
FireworksEnthusiast,PelicanBeakReplica,Common,0.6476,59.488,91.856,7.5,aoe,10
FireworksEnthusiast,OilBarrelLid,Legendary,0.8095,100.901,124.642,6.0,aoe,19
FireworksEnthusiast,OilBarrelLid,Unique,0.8095,87.447,108.023,6.45,aoe,19
FireworksEnthusiast,OilBarrelLid,Rare,0.8095,77.357,95.559,6.9,aoe,19
FireworksEnthusiast,OilBarrelLid,Common,0.8095,67.267,83.095,7.5,aoe,19
FireworksEnthusiast,TikiTorch,Legendary,0.7039,82.368,117.011,6.0,aoe,11
FireworksEnthusiast,TikiTorch,Unique,0.7039,71.386,101.41,6.45,aoe,11
FireworksEnthusiast,TikiTorch,Rare,0.7039,63.149,89.708,6.9,aoe,11
FireworksEnthusiast,TikiTorch,Common,0.7039,54.912,78.007,7.5,aoe,11
FireworksEnthusiast,Skateboard,Legendary,0.5397,78.936,146.264,6.0,aoe,10
FireworksEnthusiast,Skateboard,Unique,0.5397,68.411,126.762,6.45,aoe,10
FireworksEnthusiast,Skateboard,Rare,0.5397,60.518,112.136,6.9,aoe,10
FireworksEnthusiast,Skateboard,Common,0.5397,52.624,97.509,7.5,aoe,10
FireworksEnthusiast,FishSmack,Legendary,0.6476,85.8,132.485,6.0,aoe,9
FireworksEnthusiast,FishSmack,Unique,0.6476,74.36,114.821,6.45,aoe,9
FireworksEnthusiast,FishSmack,Rare,0.6476,65.78,101.572,6.9,aoe,9
FireworksEnthusiast,FishSmack,Common,0.6476,57.2,88.324,7.5,aoe,9
FireworksEnthusiast,NewspaperRoll,Legendary,0.5181,68.64,132.485,6.0,aoe,8
FireworksEnthusiast,NewspaperRoll,Unique,0.5181,59.488,114.821,6.45,aoe,8
FireworksEnthusiast,NewspaperRoll,Rare,0.5181,52.624,101.572,6.9,aoe,8
FireworksEnthusiast,NewspaperRoll,Common,0.5181,45.76,88.324,7.5,aoe,8
FireworksEnthusiast,NetGun,Legendary,0.7196,61.776,85.85,6.0,aoe,20
FireworksEnthusiast,NetGun,Unique,0.7196,53.539,74.404,6.45,aoe,20
FireworksEnthusiast,NetGun,Rare,0.7196,47.362,65.819,6.9,aoe,20
FireworksEnthusiast,NetGun,Common,0.7196,41.184,57.234,7.5,aoe,20
FireworksEnthusiast,SludgeHose,Legendary,0.7619,89.232,117.117,6.0,aoe,22
FireworksEnthusiast,SludgeHose,Unique,0.7619,77.334,101.501,6.45,aoe,22
FireworksEnthusiast,SludgeHose,Rare,0.7619,68.411,89.79,6.9,aoe,22
FireworksEnthusiast,SludgeHose,Common,0.7619,59.488,78.078,7.5,aoe,22
FireworksEnthusiast,FinaleRocket,Legendary,0.9963,136.937,137.44,6.0,aoe,30
FireworksEnthusiast,FinaleRocket,Unique,0.9963,118.679,119.115,6.45,aoe,30
FireworksEnthusiast,FinaleRocket,Rare,0.9963,104.985,105.371,6.9,aoe,30
FireworksEnthusiast,FinaleRocket,Common,0.9963,91.291,91.627,7.5,aoe,30
FireworksEnthusiast,HOAClipboard,Legendary,0.5631,75.504,134.075,6.0,aoe,8
FireworksEnthusiast,HOAClipboard,Unique,0.5631,65.437,116.198,6.45,aoe,8
FireworksEnthusiast,HOAClipboard,Rare,0.5631,57.886,102.791,6.9,aoe,8
FireworksEnthusiast,HOAClipboard,Common,0.5631,50.336,89.383,7.5,aoe,8
FireworksEnthusiast,BoogieBoard,Legendary,0.6168,82.368,133.545,6.0,aoe,11
FireworksEnthusiast,BoogieBoard,Unique,0.6168,71.386,115.739,6.45,aoe,11
FireworksEnthusiast,BoogieBoard,Rare,0.6168,63.149,102.385,6.9,aoe,11
FireworksEnthusiast,BoogieBoard,Common,0.6168,54.912,89.03,7.5,aoe,11
LizardBreath,BareHands,Legendary,0.8222,82.8,100.703,5.2,beam,8
LizardBreath,BareHands,Unique,0.8222,71.76,87.276,5.59,beam,8
LizardBreath,BareHands,Rare,0.8222,63.48,77.205,5.98,beam,8
LizardBreath,BareHands,Common,0.8222,55.2,67.135,6.5,beam,8
LizardBreath,FlipFlopSlap,Legendary,0.715,89.976,125.845,5.2,beam,9
LizardBreath,FlipFlopSlap,Unique,0.715,77.979,109.066,5.59,beam,9
LizardBreath,FlipFlopSlap,Rare,0.715,68.982,96.481,5.98,beam,9
LizardBreath,FlipFlopSlap,Common,0.715,59.984,83.897,6.5,beam,9
LizardBreath,LawnDart,Legendary,0.9673,117.079,121.035,5.2,beam,22
LizardBreath,LawnDart,Unique,0.9673,101.469,104.897,5.59,beam,22
LizardBreath,LawnDart,Rare,0.9673,89.761,92.793,5.98,beam,22
LizardBreath,LawnDart,Common,0.9673,78.053,80.69,6.5,beam,22
LizardBreath,GolfClub,Legendary,0.9136,104.328,114.197,5.2,beam,12
LizardBreath,GolfClub,Unique,0.9136,90.418,98.971,5.59,beam,12
LizardBreath,GolfClub,Rare,0.9136,79.985,87.551,5.98,beam,12
LizardBreath,GolfClub,Common,0.9136,69.552,76.131,6.5,beam,12
LizardBreath,GatorWrestleGloves,Legendary,1.0278,118.68,115.472,5.2,beam,10
LizardBreath,GatorWrestleGloves,Unique,1.0278,102.856,100.076,5.59,beam,10
LizardBreath,GatorWrestleGloves,Rare,1.0278,90.988,88.529,5.98,beam,10
LizardBreath,GatorWrestleGloves,Common,1.0278,79.12,76.982,6.5,beam,10
LizardBreath,RomanCandle,Legendary,0.8222,97.152,118.158,5.2,beam,26
LizardBreath,RomanCandle,Unique,0.8222,84.198,102.403,5.59,beam,26
LizardBreath,RomanCandle,Rare,0.8222,74.483,90.588,5.98,beam,26
LizardBreath,RomanCandle,Common,0.8222,64.768,78.772,6.5,beam,26
LizardBreath,SnakeLasso,Legendary,0.8655,105.777,122.215,5.2,beam,20
LizardBreath,SnakeLasso,Unique,0.8655,91.673,105.92,5.59,beam,20
LizardBreath,SnakeLasso,Rare,0.8655,81.096,93.698,5.98,beam,20
LizardBreath,SnakeLasso,Common,0.8655,70.518,81.477,6.5,beam,20
LizardBreath,SpillSkimmer,Legendary,0.7831,93.564,119.484,5.2,beam,11
LizardBreath,SpillSkimmer,Unique,0.7831,81.089,103.553,5.59,beam,11
LizardBreath,SpillSkimmer,Rare,0.7831,71.732,91.604,5.98,beam,11
LizardBreath,SpillSkimmer,Common,0.7831,62.376,79.656,6.5,beam,11
LizardBreath,PoolNoodle,Legendary,0.6325,79.212,125.241,5.2,beam,14
LizardBreath,PoolNoodle,Unique,0.6325,68.65,108.542,5.59,beam,14
LizardBreath,PoolNoodle,Rare,0.6325,60.729,96.018,5.98,beam,14
LizardBreath,PoolNoodle,Common,0.6325,52.808,83.494,6.5,beam,14
LizardBreath,CoolerLid,Legendary,0.7475,86.388,115.573,5.2,beam,8
LizardBreath,CoolerLid,Unique,0.7475,74.87,100.163,5.59,beam,8
LizardBreath,CoolerLid,Rare,0.7475,66.231,88.606,5.98,beam,8
LizardBreath,CoolerLid,Common,0.7475,57.592,77.049,6.5,beam,8
LizardBreath,BeachUmbrella,Legendary,0.9343,97.152,103.979,5.2,beam,13
LizardBreath,BeachUmbrella,Unique,0.9343,84.198,90.115,5.59,beam,13
LizardBreath,BeachUmbrella,Rare,0.9343,74.483,79.717,5.98,beam,13
LizardBreath,BeachUmbrella,Common,0.9343,64.768,69.319,6.5,beam,13
LizardBreath,FireExtinguisher,Legendary,0.8222,89.976,109.43,5.2,beam,18
LizardBreath,FireExtinguisher,Unique,0.8222,77.979,94.84,5.59,beam,18
LizardBreath,FireExtinguisher,Rare,0.8222,68.982,83.897,5.98,beam,18
LizardBreath,FireExtinguisher,Common,0.8222,59.984,72.954,6.5,beam,18
LizardBreath,TrafficCone,Legendary,0.7831,98.242,125.458,5.2,beam,16
LizardBreath,TrafficCone,Unique,0.7831,85.143,108.73,5.59,beam,16
LizardBreath,TrafficCone,Rare,0.7831,75.319,96.184,5.98,beam,16
LizardBreath,TrafficCone,Common,0.7831,65.495,83.639,6.5,beam,16
LizardBreath,KayakPaddle,Legendary,0.8222,100.74,122.522,5.2,beam,12
LizardBreath,KayakPaddle,Unique,0.8222,87.308,106.185,5.59,beam,12
LizardBreath,KayakPaddle,Rare,0.8222,77.234,93.933,5.98,beam,12
LizardBreath,KayakPaddle,Common,0.8222,67.16,81.681,6.5,beam,12
LizardBreath,BugZapper,Legendary,0.8655,107.916,124.687,5.2,beam,9
LizardBreath,BugZapper,Unique,0.8655,93.527,108.062,5.59,beam,9
LizardBreath,BugZapper,Rare,0.8655,82.736,95.593,5.98,beam,9
LizardBreath,BugZapper,Common,0.8655,71.944,83.124,6.5,beam,9
LizardBreath,WaterBalloonSling,Legendary,0.7475,86.388,115.573,5.2,beam,24
LizardBreath,WaterBalloonSling,Unique,0.7475,74.87,100.163,5.59,beam,24
LizardBreath,WaterBalloonSling,Rare,0.7475,66.231,88.606,5.98,beam,24
LizardBreath,WaterBalloonSling,Common,0.7475,57.592,77.049,6.5,beam,24
LizardBreath,ShoppingCart,Legendary,1.0963,115.092,104.983,5.2,beam,11
LizardBreath,ShoppingCart,Unique,1.0963,99.746,90.985,5.59,beam,11
LizardBreath,ShoppingCart,Rare,1.0963,88.237,80.487,5.98,beam,11
LizardBreath,ShoppingCart,Common,1.0963,76.728,69.988,6.5,beam,11
LizardBreath,PelicanBeakReplica,Legendary,0.8222,104.328,126.885,5.2,beam,10
LizardBreath,PelicanBeakReplica,Unique,0.8222,90.418,109.967,5.59,beam,10
LizardBreath,PelicanBeakReplica,Rare,0.8222,79.985,97.279,5.98,beam,10
LizardBreath,PelicanBeakReplica,Common,0.8222,69.552,84.59,6.5,beam,10
LizardBreath,OilBarrelLid,Legendary,1.0278,117.079,113.915,5.2,beam,19
LizardBreath,OilBarrelLid,Unique,1.0278,101.469,98.726,5.59,beam,19
LizardBreath,OilBarrelLid,Rare,1.0278,89.761,87.335,5.98,beam,19
LizardBreath,OilBarrelLid,Common,1.0278,78.053,75.943,6.5,beam,19
LizardBreath,TikiTorch,Legendary,0.8937,97.152,108.705,5.2,beam,11
LizardBreath,TikiTorch,Unique,0.8937,84.198,94.211,5.59,beam,11
LizardBreath,TikiTorch,Rare,0.8937,74.483,83.341,5.98,beam,11
LizardBreath,TikiTorch,Common,0.8937,64.768,72.47,6.5,beam,11
LizardBreath,Skateboard,Legendary,0.6852,93.564,136.553,5.2,beam,10
LizardBreath,Skateboard,Unique,0.6852,81.089,118.346,5.59,beam,10
LizardBreath,Skateboard,Rare,0.6852,71.732,104.691,5.98,beam,10
LizardBreath,Skateboard,Common,0.6852,62.376,91.035,6.5,beam,10
LizardBreath,FishSmack,Legendary,0.8222,100.74,122.522,5.2,beam,9
LizardBreath,FishSmack,Unique,0.8222,87.308,106.185,5.59,beam,9
LizardBreath,FishSmack,Rare,0.8222,77.234,93.933,5.98,beam,9
LizardBreath,FishSmack,Common,0.8222,67.16,81.681,6.5,beam,9
LizardBreath,NewspaperRoll,Legendary,0.6578,82.8,125.878,5.2,beam,8
LizardBreath,NewspaperRoll,Unique,0.6578,71.76,109.095,5.59,beam,8
LizardBreath,NewspaperRoll,Rare,0.6578,63.48,96.507,5.98,beam,8
LizardBreath,NewspaperRoll,Common,0.6578,55.2,83.919,6.5,beam,8
LizardBreath,NetGun,Legendary,0.9136,75.624,82.778,5.2,beam,20
LizardBreath,NetGun,Unique,0.9136,65.541,71.741,5.59,beam,20
LizardBreath,NetGun,Rare,0.9136,57.978,63.463,5.98,beam,20
LizardBreath,NetGun,Common,0.9136,50.416,55.185,6.5,beam,20
LizardBreath,SludgeHose,Legendary,0.9673,104.328,107.853,5.2,beam,22
LizardBreath,SludgeHose,Unique,0.9673,90.418,93.472,5.59,beam,22
LizardBreath,SludgeHose,Rare,0.9673,79.985,82.687,5.98,beam,22
LizardBreath,SludgeHose,Common,0.9673,69.552,71.902,6.5,beam,22
LizardBreath,FinaleRocket,Legendary,1.265,154.753,122.339,5.2,beam,30
LizardBreath,FinaleRocket,Unique,1.265,134.119,106.027,5.59,beam,30
LizardBreath,FinaleRocket,Rare,1.265,118.644,93.793,5.98,beam,30
LizardBreath,FinaleRocket,Common,1.265,103.169,81.559,6.5,beam,30
LizardBreath,HOAClipboard,Legendary,0.715,89.976,125.845,5.2,beam,8
LizardBreath,HOAClipboard,Unique,0.715,77.979,109.066,5.59,beam,8
LizardBreath,HOAClipboard,Rare,0.715,68.982,96.481,5.98,beam,8
LizardBreath,HOAClipboard,Common,0.715,59.984,83.897,6.5,beam,8
LizardBreath,BoogieBoard,Legendary,0.7831,97.152,124.066,5.2,beam,11
LizardBreath,BoogieBoard,Unique,0.7831,84.198,107.524,5.59,beam,11
LizardBreath,BoogieBoard,Rare,0.7831,74.483,95.117,5.98,beam,11
LizardBreath,BoogieBoard,Common,0.7831,64.768,82.71,6.5,beam,11
TurtlePaladin,BareHands,Legendary,0.8,74.97,93.712,7.2,shield,8
TurtlePaladin,BareHands,Unique,0.8,64.974,81.217,7.74,shield,8
TurtlePaladin,BareHands,Rare,0.8,57.477,71.846,8.28,shield,8
TurtlePaladin,BareHands,Common,0.8,49.98,62.475,9,shield,8
TurtlePaladin,FlipFlopSlap,Legendary,0.6957,81.931,117.777,7.2,shield,9
TurtlePaladin,FlipFlopSlap,Unique,0.6957,71.007,102.073,7.74,shield,9
TurtlePaladin,FlipFlopSlap,Rare,0.6957,62.814,90.295,8.28,shield,9
TurtlePaladin,FlipFlopSlap,Common,0.6957,54.621,78.518,9,shield,9
TurtlePaladin,LawnDart,Legendary,0.9412,107.957,114.704,7.2,shield,22
TurtlePaladin,LawnDart,Unique,0.9412,93.563,99.41,7.74,shield,22
TurtlePaladin,LawnDart,Rare,0.9412,82.767,87.94,8.28,shield,22
TurtlePaladin,LawnDart,Common,0.9412,71.971,76.469,9,shield,22
TurtlePaladin,GolfClub,Legendary,0.8889,95.855,107.836,7.2,shield,12
TurtlePaladin,GolfClub,Unique,0.8889,83.074,93.458,7.74,shield,12
TurtlePaladin,GolfClub,Rare,0.8889,73.488,82.675,8.28,shield,12
TurtlePaladin,GolfClub,Common,0.8889,63.903,71.891,9,shield,12
TurtlePaladin,GatorWrestleGloves,Legendary,1.0,109.778,109.778,7.2,shield,10
TurtlePaladin,GatorWrestleGloves,Unique,1.0,95.141,95.141,7.74,shield,10
TurtlePaladin,GatorWrestleGloves,Rare,1.0,84.163,84.163,8.28,shield,10
TurtlePaladin,GatorWrestleGloves,Common,1.0,73.185,73.185,9,shield,10
TurtlePaladin,RomanCandle,Legendary,0.8,88.893,111.116,7.2,shield,26
TurtlePaladin,RomanCandle,Unique,0.8,77.041,96.301,7.74,shield,26
TurtlePaladin,RomanCandle,Rare,0.8,68.151,85.189,8.28,shield,26
TurtlePaladin,RomanCandle,Common,0.8,59.262,74.078,9,shield,26
TurtlePaladin,SnakeLasso,Legendary,0.8421,96.992,115.179,7.2,shield,20
TurtlePaladin,SnakeLasso,Unique,0.8421,84.06,99.821,7.74,shield,20
TurtlePaladin,SnakeLasso,Rare,0.8421,74.361,88.304,8.28,shield,20
TurtlePaladin,SnakeLasso,Common,0.8421,64.662,76.786,9,shield,20
TurtlePaladin,SpillSkimmer,Legendary,0.7619,85.412,112.104,7.2,shield,11
TurtlePaladin,SpillSkimmer,Unique,0.7619,74.024,97.156,7.74,shield,11
TurtlePaladin,SpillSkimmer,Rare,0.7619,65.483,85.946,8.28,shield,11
TurtlePaladin,SpillSkimmer,Common,0.7619,56.941,74.736,9,shield,11
TurtlePaladin,PoolNoodle,Legendary,0.6154,71.489,116.17,7.2,shield,14
TurtlePaladin,PoolNoodle,Unique,0.6154,61.957,100.681,7.74,shield,14
TurtlePaladin,PoolNoodle,Rare,0.6154,54.808,89.064,8.28,shield,14
TurtlePaladin,PoolNoodle,Common,0.6154,47.66,77.447,9,shield,14
TurtlePaladin,CoolerLid,Legendary,0.7273,78.451,107.87,7.2,shield,8
TurtlePaladin,CoolerLid,Unique,0.7273,67.991,93.487,7.74,shield,8
TurtlePaladin,CoolerLid,Rare,0.7273,60.146,82.7,8.28,shield,8
TurtlePaladin,CoolerLid,Common,0.7273,52.3,71.913,9,shield,8
TurtlePaladin,BeachUmbrella,Legendary,0.9091,88.893,97.782,7.2,shield,13
TurtlePaladin,BeachUmbrella,Unique,0.9091,77.041,84.745,7.74,shield,13
TurtlePaladin,BeachUmbrella,Rare,0.9091,68.151,74.966,8.28,shield,13
TurtlePaladin,BeachUmbrella,Common,0.9091,59.262,65.188,9,shield,13
TurtlePaladin,FireExtinguisher,Legendary,0.8,81.931,102.414,7.2,shield,18
TurtlePaladin,FireExtinguisher,Unique,0.8,71.007,88.759,7.74,shield,18
TurtlePaladin,FireExtinguisher,Rare,0.8,62.814,78.518,8.28,shield,18
TurtlePaladin,FireExtinguisher,Common,0.8,54.621,68.276,9,shield,18
TurtlePaladin,TrafficCone,Legendary,0.7619,89.683,117.709,7.2,shield,16
TurtlePaladin,TrafficCone,Unique,0.7619,77.725,102.014,7.74,shield,16
TurtlePaladin,TrafficCone,Rare,0.7619,68.757,90.243,8.28,shield,16
TurtlePaladin,TrafficCone,Common,0.7619,59.789,78.473,9,shield,16
TurtlePaladin,KayakPaddle,Legendary,0.8,92.374,115.467,7.2,shield,12
TurtlePaladin,KayakPaddle,Unique,0.8,80.057,100.072,7.74,shield,12
TurtlePaladin,KayakPaddle,Rare,0.8,70.82,88.525,8.28,shield,12
TurtlePaladin,KayakPaddle,Common,0.8,61.583,76.978,9,shield,12
TurtlePaladin,BugZapper,Legendary,0.8421,99.335,117.961,7.2,shield,9
TurtlePaladin,BugZapper,Unique,0.8421,86.091,102.233,7.74,shield,9
TurtlePaladin,BugZapper,Rare,0.8421,76.157,90.436,8.28,shield,9
TurtlePaladin,BugZapper,Common,0.8421,66.224,78.64,9,shield,9
TurtlePaladin,WaterBalloonSling,Legendary,0.7273,78.451,107.87,7.2,shield,24
TurtlePaladin,WaterBalloonSling,Unique,0.7273,67.991,93.487,7.74,shield,24
TurtlePaladin,WaterBalloonSling,Rare,0.7273,60.146,82.7,8.28,shield,24
TurtlePaladin,WaterBalloonSling,Common,0.7273,52.3,71.913,9,shield,24
TurtlePaladin,ShoppingCart,Legendary,1.0667,106.297,99.653,7.2,shield,11
TurtlePaladin,ShoppingCart,Unique,1.0667,92.124,86.366,7.74,shield,11
TurtlePaladin,ShoppingCart,Rare,1.0667,81.494,76.401,8.28,shield,11
TurtlePaladin,ShoppingCart,Common,1.0667,70.864,66.435,9,shield,11
TurtlePaladin,PelicanBeakReplica,Legendary,0.8,95.855,119.818,7.2,shield,10
TurtlePaladin,PelicanBeakReplica,Unique,0.8,83.074,103.842,7.74,shield,10
TurtlePaladin,PelicanBeakReplica,Rare,0.8,73.488,91.861,8.28,shield,10
TurtlePaladin,PelicanBeakReplica,Common,0.8,63.903,79.879,9,shield,10
TurtlePaladin,OilBarrelLid,Legendary,1.0,107.957,107.957,7.2,shield,19
TurtlePaladin,OilBarrelLid,Unique,1.0,93.563,93.563,7.74,shield,19
TurtlePaladin,OilBarrelLid,Rare,1.0,82.767,82.767,8.28,shield,19
TurtlePaladin,OilBarrelLid,Common,1.0,71.971,71.971,9,shield,19
TurtlePaladin,TikiTorch,Legendary,0.8696,88.893,102.227,7.2,shield,11
TurtlePaladin,TikiTorch,Unique,0.8696,77.041,88.597,7.74,shield,11
TurtlePaladin,TikiTorch,Rare,0.8696,68.151,78.374,8.28,shield,11
TurtlePaladin,TikiTorch,Common,0.8696,59.262,68.151,9,shield,11
TurtlePaladin,Skateboard,Legendary,0.6667,85.412,128.118,7.2,shield,10
TurtlePaladin,Skateboard,Unique,0.6667,74.024,111.036,7.74,shield,10
TurtlePaladin,Skateboard,Rare,0.6667,65.483,98.224,8.28,shield,10
TurtlePaladin,Skateboard,Common,0.6667,56.941,85.412,9,shield,10
TurtlePaladin,FishSmack,Legendary,0.8,92.374,115.467,7.2,shield,9
TurtlePaladin,FishSmack,Unique,0.8,80.057,100.072,7.74,shield,9
TurtlePaladin,FishSmack,Rare,0.8,70.82,88.525,8.28,shield,9
TurtlePaladin,FishSmack,Common,0.8,61.583,76.978,9,shield,9
TurtlePaladin,NewspaperRoll,Legendary,0.64,74.97,117.141,7.2,shield,8
TurtlePaladin,NewspaperRoll,Unique,0.64,64.974,101.522,7.74,shield,8
TurtlePaladin,NewspaperRoll,Rare,0.64,57.477,89.808,8.28,shield,8
TurtlePaladin,NewspaperRoll,Common,0.64,49.98,78.094,9,shield,8
TurtlePaladin,NetGun,Legendary,0.8889,68.008,76.51,7.2,shield,20
TurtlePaladin,NetGun,Unique,0.8889,58.941,66.308,7.74,shield,20
TurtlePaladin,NetGun,Rare,0.8889,52.14,58.657,8.28,shield,20
TurtlePaladin,NetGun,Common,0.8889,45.339,51.006,9,shield,20
TurtlePaladin,SludgeHose,Legendary,0.9412,95.855,101.845,7.2,shield,22
TurtlePaladin,SludgeHose,Unique,0.9412,83.074,88.266,7.74,shield,22
TurtlePaladin,SludgeHose,Rare,0.9412,73.488,78.081,8.28,shield,22
TurtlePaladin,SludgeHose,Common,0.9412,63.903,67.897,9,shield,22
TurtlePaladin,FinaleRocket,Legendary,1.2308,144.505,117.41,7.2,shield,30
TurtlePaladin,FinaleRocket,Unique,1.2308,125.237,101.755,7.74,shield,30
TurtlePaladin,FinaleRocket,Rare,1.2308,110.787,90.014,8.28,shield,30
TurtlePaladin,FinaleRocket,Common,1.2308,96.336,78.273,9,shield,30
TurtlePaladin,HOAClipboard,Legendary,0.6957,81.931,117.777,7.2,shield,8
TurtlePaladin,HOAClipboard,Unique,0.6957,71.007,102.073,7.74,shield,8
TurtlePaladin,HOAClipboard,Rare,0.6957,62.814,90.295,8.28,shield,8
TurtlePaladin,HOAClipboard,Common,0.6957,54.621,78.518,9,shield,8
TurtlePaladin,BoogieBoard,Legendary,0.7619,88.893,116.672,7.2,shield,11
TurtlePaladin,BoogieBoard,Unique,0.7619,77.041,101.116,7.74,shield,11
TurtlePaladin,BoogieBoard,Rare,0.7619,68.151,89.449,8.28,shield,11
TurtlePaladin,BoogieBoard,Common,0.7619,59.262,77.781,9,shield,11
